strategy,accuracy,precision,recall,f1_score,true_positive,true_negative,false_positive,false_negative,lgbtq_fpr,lgbtq_fnr,lgbtq_samples,mexican_fpr,mexican_fnr,mexican_samples,middle_east_fpr,middle_east_fnr,middle_east_samples
direct_binary,0.62,0.6111111111111112,0.4782608695652174,0.5365853658536586,11,20,7,12,0.25,0.5555555555555556,25,0.0,0.5,11,0.5,0.5,14
multi_perspective,0.6326530612244898,0.7272727272727273,0.34782608695652173,0.47058823529411764,8,23,3,15,0.0625,0.5555555555555556,25,0.0,0.8333333333333334,11,0.3333333333333333,0.625,14
cultural_context,0.5531914893617021,0.5384615384615384,0.3181818181818182,0.4,7,19,6,15,0.26666666666666666,0.7777777777777778,25,0.0,0.5,11,0.4,0.7142857142857143,14
hybrid_fast_accurate,0.72,0.7142857142857143,0.6521739130434783,0.6818181818181818,15,21,6,8,0.1875,0.3333333333333333,25,0.0,0.16666666666666666,11,0.5,0.5,14
