strategy,accuracy,precision,recall,f1_score,true_positive,true_negative,false_positive,false_negative
baseline,0.6161616161616161,0.42857142857142855,0.45454545454545453,0.4411764705882353,15,46,20,18
policy,0.5858585858585859,0.3888888888888889,0.42424242424242425,0.4057971014492754,14,44,22,19
persona,0.5612244897959183,0.23809523809523808,0.15625,0.18867924528301888,5,50,16,27
combined,0.5656565656565656,0.2727272727272727,0.18181818181818182,0.21818181818181817,6,50,16,27
