strategy,accuracy,precision,recall,f1_score,true_positive,true_negative,false_positive,false_negative,lgbtq_fpr,lgbtq_fnr,lgbtq_samples,mexican_fpr,mexican_fnr,mexican_samples,middle_east_fpr,middle_east_fnr,middle_east_samples
direct_binary,0.5656565656565656,0.5769230769230769,0.3191489361702128,0.410958904109589,15,41,11,32,0.26666666666666666,0.6842105263157895,49,0.09090909090909091,0.75,23,0.18181818181818182,0.625,28
multi_perspective,0.5353535353535354,0.5,0.2608695652173913,0.34285714285714286,12,41,12,34,0.26666666666666666,0.7222222222222222,49,0.09090909090909091,0.8333333333333334,23,0.25,0.6875,28
cultural_context,0.5,0.42105263157894735,0.17777777777777778,0.25,8,40,11,37,0.26666666666666666,0.8888888888888888,49,0.1,0.75,23,0.18181818181818182,0.8,28
hybrid_fast_accurate,0.59,0.5714285714285714,0.5106382978723404,0.5393258426966292,24,35,18,23,0.43333333333333335,0.47368421052631576,49,0.09090909090909091,0.5833333333333334,23,0.3333333333333333,0.4375,28
