strategy,accuracy,precision,recall,f1_score,true_positive,true_negative,false_positive,false_negative
baseline,0.57,0.35294117647058826,0.36363636363636365,0.3582089552238806,12,45,22,21
policy,0.61,0.375,0.2727272727272727,0.3157894736842105,9,52,15,24
persona,0.5567010309278351,0.25,0.15151515151515152,0.18867924528301888,5,49,15,28
combined,0.6122448979591837,0.4,0.375,0.3870967741935484,12,48,18,20
