strategy,accuracy,precision,recall,f1_score,true_positive,true_negative,false_positive,false_negative,lgbtq_fpr,lgbtq_fnr,lgbtq_samples,mexican_fpr,mexican_fnr,mexican_samples,middle_east_fpr,middle_east_fnr,middle_east_samples
baseline_conservative,0.5454545454545454,0.5714285714285714,0.1702127659574468,0.26229508196721313,8,46,6,39,0.06896551724137931,0.6842105263157895,49,0.2,0.9166666666666666,22,0.15384615384615385,0.9375,29
baseline_standard,0.61,0.6,0.5106382978723404,0.5517241379310345,24,37,16,23,0.3,0.47368421052631576,49,0.2,0.5,22,0.38461538461538464,0.5,29
baseline_balanced,0.57,0.55,0.46808510638297873,0.5057471264367817,22,35,18,25,0.36666666666666664,0.3684210526315789,49,0.3,0.6666666666666666,22,0.3076923076923077,0.625,29
