strategy,accuracy,precision,recall,f1_score,true_positive,true_negative,false_positive,false_negative,lgbtq_fpr,lgbtq_fnr,lgbtq_samples,mexican_fpr,mexican_fnr,mexican_samples,middle_east_fpr,middle_east_fnr,middle_east_samples
combined_v5_chain_of_thought,0.6630327056491576,0.6086956521739131,0.7076923076923077,0.6544715447154471,322,347,207,133,0.4876543209876543,0.29411764705882354,494,0.09302325581395349,0.3089430894308943,209,0.2847222222222222,0.2777777777777778,306
combined_v5_implicit_examples,0.6669970267591675,0.6146435452793835,0.701098901098901,0.6550308008213552,319,354,200,136,0.4783950617283951,0.28823529411764703,494,0.08139534883720931,0.3170731707317073,209,0.2638888888888889,0.2962962962962963,306
