strategy,accuracy,precision,recall,f1_score,true_positive,true_negative,false_positive,false_negative,lgbtq_fpr,lgbtq_fnr,lgbtq_samples,mexican_fpr,mexican_fnr,mexican_samples,middle_east_fpr,middle_east_fnr,middle_east_samples
hybrid_fast_accurate,0.626362735381566,0.6133720930232558,0.46373626373626375,0.5281602002503129,211,421,133,244,0.2808641975308642,0.5411764705882353,494,0.11627906976744186,0.4878048780487805,209,0.2222222222222222,0.5679012345679012,306
