{
    "epoch": 1.0,
    "total_flos": 1.6795501608514355e+17,
    "train_loss": 3.1465530395507812,
    "train_runtime": 275.5103,
    "train_samples_per_second": 9.749,
    "train_steps_per_second": 0.152
}