strategy,accuracy,precision,recall,f1_score,true_positive,true_negative,false_positive,false_negative
baseline,0.6185567010309279,0.42857142857142855,0.46875,0.44776119402985076,15,45,20,17
policy,0.6363636363636364,0.45161290322580644,0.42424242424242425,0.4375,14,49,17,19
persona,0.6288659793814433,0.4375,0.4375,0.4375,14,47,18,18
combined,0.6,0.37037037037037035,0.30303030303030304,0.3333333333333333,10,50,17,23
