strategy,accuracy,precision,recall,f1_score,true_positive,true_negative,false_positive,false_negative,lgbtq_fpr,lgbtq_fnr,lgbtq_samples,mexican_fpr,mexican_fnr,mexican_samples,middle_east_fpr,middle_east_fnr,middle_east_samples
combined_optimized,0.5785288270377733,0.5443425076452599,0.39293598233995586,0.4564102564102564,178,404,149,275,0.3157894736842105,0.6294117647058823,494,0.2441860465116279,0.5609756097560976,209,0.18055555555555555,0.61875,306
