strategy,accuracy,precision,recall,f1_score,true_positive,true_negative,false_positive,false_negative,lgbtq_fpr,lgbtq_fnr,lgbtq_samples,mexican_fpr,mexican_fnr,mexican_samples,middle_east_fpr,middle_east_fnr,middle_east_samples
baseline_conservative,0.6,0.5686274509803921,0.6170212765957447,0.5918367346938775,29,31,22,18,0.5,0.2631578947368421,49,0.09090909090909091,0.5,23,0.5,0.4375,28
baseline_standard,0.5858585858585859,0.5581395348837209,0.5217391304347826,0.5393258426966292,24,34,19,22,0.4666666666666667,0.42105263157894735,49,0.09090909090909091,0.5,23,0.3333333333333333,0.5333333333333333,28
baseline_creative,0.54,0.5116279069767442,0.46808510638297873,0.4888888888888889,22,32,21,25,0.5333333333333333,0.47368421052631576,49,0.0,0.5,23,0.4166666666666667,0.625,28
baseline_focused,0.61,0.58,0.6170212765957447,0.5979381443298969,29,32,21,18,0.5,0.3684210526315789,49,0.09090909090909091,0.4166666666666667,23,0.4166666666666667,0.375,28
baseline_exploratory,0.5252525252525253,0.5,0.425531914893617,0.45977011494252873,20,32,20,27,0.5862068965517241,0.5789473684210527,49,0.0,0.4166666666666667,23,0.25,0.6875,28
baseline_balanced,0.55,0.5238095238095238,0.46808510638297873,0.4943820224719101,22,33,20,25,0.4666666666666667,0.5789473684210527,49,0.09090909090909091,0.4166666666666667,23,0.4166666666666667,0.5625,28
