strategy,accuracy,precision,recall,f1_score,true_positive,true_negative,false_positive,false_negative
baseline,0.57,0.3611111111111111,0.3939393939393939,0.37681159420289856,13,44,23,20
policy,0.5858585858585859,0.23529411764705882,0.125,0.16326530612244897,4,54,13,28
persona,0.6530612244897959,0.42857142857142855,0.1875,0.2608695652173913,6,58,8,26
combined,0.63,0.35714285714285715,0.15151515151515152,0.2127659574468085,5,58,9,28
