strategy,accuracy,precision,recall,f1_score,true_positive,true_negative,false_positive,false_negative,lgbtq_fpr,lgbtq_fnr,lgbtq_samples,mexican_fpr,mexican_fnr,mexican_samples,middle_east_fpr,middle_east_fnr,middle_east_samples
combined_optimized,0.74,0.7777777777777778,0.6086956521739131,0.6829268292682927,14,23,4,9,0.0625,0.2222222222222222,25,0.0,0.3333333333333333,11,0.5,0.625,14
combined_focused,0.74,0.8125,0.5652173913043478,0.6666666666666666,13,24,3,10,0.0625,0.3333333333333333,25,0.0,0.5,11,0.3333333333333333,0.5,14
combined_conservative,0.5918367346938775,0.5714285714285714,0.36363636363636365,0.4444444444444444,8,21,6,14,0.1875,0.5555555555555556,25,0.0,0.6,11,0.5,0.75,14
