strategy,accuracy,precision,recall,f1_score,true_positive,true_negative,false_positive,false_negative
baseline,0.6913827655310621,0.8585858585858586,0.37777777777777777,0.5246913580246914,85,260,14,140
policy,0.656,0.863013698630137,0.28,0.4228187919463087,63,265,10,162
persona,0.6686746987951807,0.8409090909090909,0.3288888888888889,0.4728434504792332,74,259,14,151
combined,0.63,0.8448275862068966,0.21777777777777776,0.3462897526501767,49,266,9,176
