strategy,accuracy,precision,recall,f1_score,true_positive,true_negative,false_positive,false_negative,lgbtq_fpr,lgbtq_fnr,lgbtq_samples,mexican_fpr,mexican_fnr,mexican_samples,middle_east_fpr,middle_east_fnr,middle_east_samples
combined_optimized,0.62,0.5833333333333334,0.6086956521739131,0.5957446808510638,14,17,10,9,0.4375,0.3333333333333333,25,0.0,0.3333333333333333,11,0.5,0.5,14
combined_focused,0.54,0.5,0.391304347826087,0.43902439024390244,9,18,9,14,0.4375,0.5555555555555556,25,0.0,0.5,11,0.3333333333333333,0.75,14
combined_conservative,0.68,0.7058823529411765,0.5217391304347826,0.6,12,22,5,11,0.1875,0.4444444444444444,25,0.0,0.3333333333333333,11,0.3333333333333333,0.625,14
