strategy,accuracy,precision,recall,f1_score,true_positive,true_negative,false_positive,false_negative,lgbtq_fpr,lgbtq_fnr,lgbtq_samples,mexican_fpr,mexican_fnr,mexican_samples,middle_east_fpr,middle_east_fnr,middle_east_samples
combined_optimized,0.6161616161616161,0.5869565217391305,0.5869565217391305,0.5869565217391305,27,34,19,19,0.36666666666666664,0.3684210526315789,49,0.3,0.45454545454545453,22,0.38461538461538464,0.4375,29
combined_focused,0.62,0.6216216216216216,0.48936170212765956,0.5476190476190477,23,39,14,24,0.26666666666666666,0.5789473684210527,49,0.2,0.5,22,0.3076923076923077,0.4375,29
combined_conservative,0.58,0.5714285714285714,0.425531914893617,0.4878048780487805,20,38,15,27,0.3,0.5263157894736842,49,0.2,0.5833333333333334,22,0.3076923076923077,0.625,29
