strategy,accuracy,precision,recall,f1_score,true_positive,true_negative,false_positive,false_negative,lgbtq_fpr,lgbtq_fnr,lgbtq_samples,mexican_fpr,mexican_fnr,mexican_samples,middle_east_fpr,middle_east_fnr,middle_east_samples
direct_binary,0.65,0.6764705882352942,0.48936170212765956,0.5679012345679012,23,42,11,24,0.2,0.42105263157894735,49,0.2,0.5833333333333334,22,0.23076923076923078,0.5625,29
multi_perspective,0.6,0.6296296296296297,0.3617021276595745,0.4594594594594595,17,43,10,30,0.2,0.5789473684210527,49,0.2,0.6666666666666666,22,0.15384615384615385,0.6875,29
cultural_context,0.6060606060606061,0.7,0.2978723404255319,0.417910447761194,14,46,6,33,0.13333333333333333,0.6842105263157895,49,0.2,0.5833333333333334,22,0.0,0.8125,29
hybrid_fast_accurate,0.61,0.58,0.6170212765957447,0.5979381443298969,29,32,21,18,0.4666666666666667,0.3684210526315789,49,0.2,0.4166666666666667,22,0.38461538461538464,0.375,29
