strategy,accuracy,precision,recall,f1_score,true_positive,true_negative,false_positive,false_negative,lgbtq_fpr,lgbtq_fnr,lgbtq_samples,mexican_fpr,mexican_fnr,mexican_samples,middle_east_fpr,middle_east_fnr,middle_east_samples
baseline_conservative,0.6,1.0,0.13043478260869565,0.23076923076923078,3,27,0,20,0.0,0.7777777777777778,25,0.0,0.8333333333333334,11,0.0,1.0,14
baseline_standard,0.6530612244897959,0.6666666666666666,0.45454545454545453,0.5405405405405406,10,22,5,12,0.125,0.3333333333333333,25,0.0,0.6666666666666666,11,0.5,0.7142857142857143,14
baseline_balanced,0.66,0.6875,0.4782608695652174,0.5641025641025641,11,22,5,12,0.125,0.6666666666666666,25,0.0,0.3333333333333333,11,0.5,0.5,14
