{
    "epoch": 3.0,
    "eval_loss": 0.5280317664146423,
    "eval_runtime": 3.0431,
    "eval_samples_per_second": 18.074,
    "eval_steps_per_second": 1.314,
    "total_flos": 5.039637015067361e+17,
    "train_loss": 1.519645885815696,
    "train_runtime": 825.3863,
    "train_samples_per_second": 9.763,
    "train_steps_per_second": 0.153
}