strategy,accuracy,precision,recall,f1_score,true_positive,true_negative,false_positive,false_negative
baseline,0.5360824742268041,0.3235294117647059,0.3333333333333333,0.3283582089552239,11,41,23,22
policy,0.5816326530612245,0.36363636363636365,0.375,0.36923076923076925,12,45,21,20
persona,0.5510204081632653,0.3225806451612903,0.30303030303030304,0.3125,10,44,21,23
combined,0.6122448979591837,0.4,0.30303030303030304,0.3448275862068966,10,50,15,23
