strategy,accuracy,precision,recall,f1_score,true_positive,true_negative,false_positive,false_negative,lgbtq_fpr,lgbtq_fnr,lgbtq_samples,mexican_fpr,mexican_fnr,mexican_samples,middle_east_fpr,middle_east_fnr,middle_east_samples
baseline_conservative,0.59,0.5555555555555556,0.6382978723404256,0.594059405940594,30,29,24,17,0.5333333333333333,0.3684210526315789,49,0.3,0.3333333333333333,22,0.38461538461538464,0.375,29
baseline_standard,0.63,0.5961538461538461,0.6595744680851063,0.6262626262626263,31,32,21,16,0.4666666666666667,0.21052631578947367,49,0.3,0.3333333333333333,22,0.3076923076923077,0.5,29
baseline_creative,0.56,0.5384615384615384,0.44680851063829785,0.4883720930232558,21,35,18,26,0.36666666666666664,0.47368421052631576,49,0.3,0.6666666666666666,22,0.3076923076923077,0.5625,29
baseline_focused,0.6,0.5660377358490566,0.6382978723404256,0.6,30,30,23,17,0.5,0.2631578947368421,49,0.3,0.4166666666666667,22,0.38461538461538464,0.4375,29
baseline_exploratory,0.61,0.6111111111111112,0.46808510638297873,0.5301204819277109,22,39,14,25,0.3,0.47368421052631576,49,0.1,0.5833333333333334,22,0.3076923076923077,0.5625,29
baseline_balanced,0.57,0.54,0.574468085106383,0.5567010309278351,27,30,23,20,0.5333333333333333,0.42105263157894735,49,0.2,0.3333333333333333,22,0.38461538461538464,0.5,29
