strategy,accuracy,precision,recall,f1_score,true_positive,true_negative,false_positive,false_negative
baseline,0.61,0.4,0.36363636363636365,0.38095238095238093,12,49,18,21
policy,0.62,0.3684210526315789,0.21212121212121213,0.2692307692307692,7,55,12,26
persona,0.6666666666666666,0.5,0.30303030303030304,0.37735849056603776,10,56,10,23
combined,0.5858585858585859,0.2777777777777778,0.15151515151515152,0.19607843137254902,5,53,13,28
