strategy,accuracy,precision,recall,f1_score,true_positive,true_negative,false_positive,false_negative,lgbtq_fpr,lgbtq_fnr,lgbtq_samples,mexican_fpr,mexican_fnr,mexican_samples,middle_east_fpr,middle_east_fnr,middle_east_samples
combined_optimized,0.645193260654113,0.6157517899761337,0.567032967032967,0.5903890160183066,258,393,161,197,0.39197530864197533,0.4117647058823529,494,0.06976744186046512,0.4796747967479675,209,0.19444444444444445,0.41975308641975306,306
