strategy,accuracy,precision,recall,f1_score,true_positive,true_negative,false_positive,false_negative,lgbtq_fpr,lgbtq_fnr,lgbtq_samples,mexican_fpr,mexican_fnr,mexican_samples,middle_east_fpr,middle_east_fnr,middle_east_samples
combined_optimized,0.6,0.56,0.6086956521739131,0.5833333333333334,14,16,11,9,0.5,0.1111111111111111,25,0.0,0.3333333333333333,11,0.5,0.75,14
combined_focused,0.56,0.5217391304347826,0.5217391304347826,0.5217391304347826,12,16,11,11,0.5625,0.2222222222222222,25,0.0,0.8333333333333334,11,0.3333333333333333,0.5,14
combined_conservative,0.58,0.5714285714285714,0.34782608695652173,0.43243243243243246,8,21,6,15,0.375,0.7777777777777778,25,0.0,0.3333333333333333,11,0.0,0.75,14
