strategy,accuracy,precision,recall,f1_score,true_positive,true_negative,false_positive,false_negative
baseline,0.5959595959595959,0.3939393939393939,0.3939393939393939,0.3939393939393939,13,46,20,20
policy,0.6161616161616161,0.3333333333333333,0.15151515151515152,0.20833333333333334,5,56,10,28
persona,0.5353535353535354,0.25925925925925924,0.21212121212121213,0.23333333333333334,7,46,20,26
combined,0.5353535353535354,0.21739130434782608,0.15151515151515152,0.17857142857142858,5,48,18,28
