{
    "epoch": 4.0,
    "eval_loss": 0.509840190410614,
    "eval_runtime": 3.0376,
    "eval_samples_per_second": 18.107,
    "eval_steps_per_second": 1.317,
    "total_flos": 6.723866993759355e+17,
    "train_loss": 1.0768410875683738,
    "train_runtime": 1101.2001,
    "train_samples_per_second": 9.757,
    "train_steps_per_second": 0.153
}