strategy,accuracy,precision,recall,f1_score,true_positive,true_negative,false_positive,false_negative,lgbtq_fpr,lgbtq_fnr,lgbtq_samples,mexican_fpr,mexican_fnr,mexican_samples,middle_east_fpr,middle_east_fnr,middle_east_samples
combined_optimized,0.58,0.5384615384615384,0.6086956521739131,0.5714285714285714,14,15,12,9,0.5,0.3333333333333333,25,0.0,0.3333333333333333,11,0.6666666666666666,0.5,14
combined_focused,0.52,0.47058823529411764,0.34782608695652173,0.4,8,18,9,15,0.4375,0.8888888888888888,25,0.0,0.3333333333333333,11,0.3333333333333333,0.625,14
combined_conservative,0.7142857142857143,0.7,0.6363636363636364,0.6666666666666666,14,21,6,8,0.25,0.25,25,0.0,0.3333333333333333,11,0.3333333333333333,0.5,14
