strategy,accuracy,precision,recall,f1_score,true_positive,true_negative,false_positive,false_negative,lgbtq_fpr,lgbtq_fnr,lgbtq_samples,mexican_fpr,mexican_fnr,mexican_samples,middle_east_fpr,middle_east_fnr,middle_east_samples
combined_optimized,0.61,0.5740740740740741,0.6595744680851063,0.6138613861386139,31,30,23,16,0.5666666666666667,0.21052631578947367,49,0.2,0.5833333333333334,22,0.3076923076923077,0.3125,29
combined_focused,0.61,0.6052631578947368,0.48936170212765956,0.5411764705882353,23,38,15,24,0.43333333333333335,0.3684210526315789,49,0.0,0.6666666666666666,22,0.15384615384615385,0.5625,29
combined_conservative,0.56,0.5365853658536586,0.46808510638297873,0.5,22,34,19,25,0.43333333333333335,0.47368421052631576,49,0.3,0.5833333333333334,22,0.23076923076923078,0.5625,29
