strategy,accuracy,precision,recall,f1_score,true_positive,true_negative,false_positive,false_negative
baseline,0.57,0.3684210526315789,0.42424242424242425,0.39436619718309857,14,43,24,19
policy,0.56,0.34285714285714286,0.36363636363636365,0.35294117647058826,12,44,23,21
persona,0.56,0.358974358974359,0.42424242424242425,0.3888888888888889,14,42,25,19
combined,0.56,0.2962962962962963,0.24242424242424243,0.26666666666666666,8,48,19,25
